{"cameraMode":{"drawMode":0,"name":"Shaded","section":"Shading Mode"},"sceneLighting":true,"audioPlay":false,"sceneViewState":{"m_AlwaysRefresh":false,"showFog":true,"showSkybox":true,"showFlares":true,"showImageEffects":true,"showParticleSystems":true,"showVisualEffectGraphs":true,"m_FxEnabled":true},"in2DMode":false,"pivot":{"x":-0.8516451716423035,"y":6.627414226531982,"z":10.500858306884766},"rotation":{"x":-0.0024170204997062685,"y":0.9930244088172913,"z":-0.1155184656381607,"w":-0.02055181749165058},"size":2.3473169803619386,"orthographic":false}